provider,region,pricing_model,vcpu,ram_gb,price_per_hour
AWS,asia,1yr-reserved,1,2,0.137405
AWS,asia,1yr-reserved,1,4,0.145575
AWS,asia,1yr-reserved,1,8,0.16601
AWS,asia,1yr-reserved,1,16,0.2033999999999999
AWS,asia,1yr-reserved,2,2,0.17592
AWS,asia,1yr-reserved,2,4,0.1881499999999999
AWS,asia,1yr-reserved,2,8,0.2027
AWS,asia,1yr-reserved,2,16,0.2423099999999999
AWS,asia,1yr-reserved,2,32,0.318965
AWS,asia,1yr-reserved,4,4,0.265325
AWS,asia,1yr-reserved,4,8,0.27925
AWS,asia,1yr-reserved,4,16,0.328045
AWS,asia,1yr-reserved,4,32,0.3926699999999999
AWS,asia,1yr-reserved,4,64,0.5591
AWS,asia,1yr-reserved,8,8,0.44759
AWS,asia,1yr-reserved,8,16,0.483995
AWS,asia,1yr-reserved,8,32,0.5713
AWS,asia,1yr-reserved,8,64,0.721095
AWS,asia,1yr-reserved,8,128,1.034745
AWS,asia,1yr-reserved,16,16,0.79402
AWS,asia,1yr-reserved,16,32,0.8805200000000001
AWS,asia,1yr-reserved,16,64,1.043075
AWS,asia,1yr-reserved,16,128,1.36572
AWS,asia,1yr-reserved,32,32,1.49997
AWS,asia,1yr-reserved,32,64,1.6928249999999998
AWS,asia,1yr-reserved,32,128,1.9855
AWS,asia,3yr-reserved,1,2,0.123195
AWS,asia,3yr-reserved,1,4,0.128715
AWS,asia,3yr-reserved,1,8,0.15431
AWS,asia,3yr-reserved,1,16,0.19028
AWS,asia,3yr-reserved,2,2,0.15875
AWS,asia,3yr-reserved,2,4,0.169395
AWS,asia,3yr-reserved,2,8,0.19275
AWS,asia,3yr-reserved,2,16,0.217465
AWS,asia,3yr-reserved,2,32,0.288465
AWS,asia,3yr-reserved,4,4,0.23908
AWS,asia,3yr-reserved,4,8,0.255945
AWS,asia,3yr-reserved,4,16,0.29935
AWS,asia,3yr-reserved,4,32,0.359665
AWS,asia,3yr-reserved,4,64,0.512745
AWS,asia,3yr-reserved,8,8,0.395965
AWS,asia,3yr-reserved,8,16,0.436815
AWS,asia,3yr-reserved,8,32,0.5128
AWS,asia,3yr-reserved,8,64,0.67059
AWS,asia,3yr-reserved,8,128,0.943595
AWS,asia,3yr-reserved,16,16,0.715675
AWS,asia,3yr-reserved,16,32,0.79922
AWS,asia,3yr-reserved,16,64,0.92639
AWS,asia,3yr-reserved,16,128,1.217915
AWS,asia,3yr-reserved,32,32,1.34424
AWS,asia,3yr-reserved,32,64,1.50162
AWS,asia,3yr-reserved,32,128,1.82084
AWS,asia,on-demand,1,2,0.152105
AWS,asia,on-demand,1,4,0.16177
AWS,asia,on-demand,1,8,0.183785
AWS,asia,on-demand,1,16,0.2265899999999999
AWS,asia,on-demand,2,2,0.196395
AWS,asia,on-demand,2,4,0.20342
AWS,asia,on-demand,2,8,0.225775
AWS,asia,on-demand,2,16,0.27252
AWS,asia,on-demand,2,32,0.35866
AWS,asia,on-demand,4,4,0.29459
AWS,asia,on-demand,4,8,0.320385
AWS,asia,on-demand,4,16,0.3632849999999999
AWS,asia,on-demand,4,32,0.447775
AWS,asia,on-demand,4,64,0.62582
AWS,asia,on-demand,8,8,0.487755
AWS,asia,on-demand,8,16,0.53496
AWS,asia,on-demand,8,32,0.618
AWS,asia,on-demand,8,64,0.80267
AWS,asia,on-demand,8,128,1.164495
AWS,asia,on-demand,16,16,0.8939600000000001
AWS,asia,on-demand,16,32,0.972315
AWS,asia,on-demand,16,64,1.159925
AWS,asia,on-demand,16,128,1.510675
AWS,asia,on-demand,32,32,1.685905
AWS,asia,on-demand,32,64,1.862205
AWS,asia,on-demand,32,128,2.23714
AWS,asia,spot,1,2,0.10661
AWS,asia,spot,1,4,0.112305
AWS,asia,spot,1,8,0.13397
AWS,asia,spot,1,16,0.1605049999999999
AWS,asia,spot,2,2,0.14027
AWS,asia,spot,2,4,0.144525
AWS,asia,spot,2,8,0.16392
AWS,asia,spot,2,16,0.190995
AWS,asia,spot,2,32,0.254885
AWS,asia,spot,4,4,0.2083
AWS,asia,spot,4,8,0.210805
AWS,asia,spot,4,16,0.263235
AWS,asia,spot,4,32,0.316505
AWS,asia,spot,4,64,0.4582
AWS,asia,spot,8,8,0.367495
AWS,asia,spot,8,16,0.3818
AWS,asia,spot,8,32,0.435425
AWS,asia,spot,8,64,0.572825
AWS,asia,spot,8,128,0.8024950000000001
AWS,asia,spot,16,16,0.638255
AWS,asia,spot,16,32,0.696375
AWS,asia,spot,16,64,0.8571500000000001
AWS,asia,spot,16,128,1.07522
AWS,asia,spot,32,32,1.224735
AWS,asia,spot,32,64,1.335035
AWS,asia,spot,32,128,1.558165
AWS,europe,1yr-reserved,1,2,0.1259849999999999
AWS,europe,1yr-reserved,1,4,0.136635
AWS,europe,1yr-reserved,1,8,0.15542
AWS,europe,1yr-reserved,1,16,0.189645
AWS,europe,1yr-reserved,2,2,0.161875
AWS,europe,1yr-reserved,2,4,0.174095
AWS,europe,1yr-reserved,2,8,0.18916
AWS,europe,1yr-reserved,2,16,0.227235
AWS,europe,1yr-reserved,2,32,0.30256
AWS,europe,1yr-reserved,4,4,0.2490699999999999
AWS,europe,1yr-reserved,4,8,0.26685
AWS,europe,1yr-reserved,4,16,0.30681
AWS,europe,1yr-reserved,4,32,0.37445
AWS,europe,1yr-reserved,4,64,0.5204150000000001
AWS,europe,1yr-reserved,8,8,0.418325
AWS,europe,1yr-reserved,8,16,0.4600399999999999
AWS,europe,1yr-reserved,8,32,0.535695
AWS,europe,1yr-reserved,8,64,0.6762400000000001
AWS,europe,1yr-reserved,8,128,0.95752
AWS,europe,1yr-reserved,16,16,0.729965
AWS,europe,1yr-reserved,16,32,0.8118700000000001
AWS,europe,1yr-reserved,16,64,0.97092
AWS,europe,1yr-reserved,16,128,1.250855
AWS,europe,1yr-reserved,32,32,1.395875
AWS,europe,1yr-reserved,32,64,1.57727
AWS,europe,1yr-reserved,32,128,1.88605
AWS,europe,3yr-reserved,1,2,0.115955
AWS,europe,3yr-reserved,1,4,0.12265
AWS,europe,3yr-reserved,1,8,0.14181
AWS,europe,3yr-reserved,1,16,0.17694
AWS,europe,3yr-reserved,2,2,0.150745
AWS,europe,3yr-reserved,2,4,0.154335
AWS,europe,3yr-reserved,2,8,0.178835
AWS,europe,3yr-reserved,2,16,0.20809
AWS,europe,3yr-reserved,2,32,0.272115
AWS,europe,3yr-reserved,4,4,0.22002
AWS,europe,3yr-reserved,4,8,0.23633
AWS,europe,3yr-reserved,4,16,0.27375
AWS,europe,3yr-reserved,4,32,0.3422699999999999
AWS,europe,3yr-reserved,4,64,0.45702
AWS,europe,3yr-reserved,8,8,0.37666
AWS,europe,3yr-reserved,8,16,0.41213
AWS,europe,3yr-reserved,8,32,0.480215
AWS,europe,3yr-reserved,8,64,0.61632
AWS,europe,3yr-reserved,8,128,0.8754500000000001
AWS,europe,3yr-reserved,16,16,0.673975
AWS,europe,3yr-reserved,16,32,0.738975
AWS,europe,3yr-reserved,16,64,0.8730399999999999
AWS,europe,3yr-reserved,16,128,1.096095
AWS,europe,3yr-reserved,32,32,1.29159
AWS,europe,3yr-reserved,32,64,1.414785
AWS,europe,3yr-reserved,32,128,1.691405
AWS,europe,on-demand,1,2,0.14175
AWS,europe,on-demand,1,4,0.15148
AWS,europe,on-demand,1,8,0.17365
AWS,europe,on-demand,1,16,0.21147
AWS,europe,on-demand,2,2,0.182395
AWS,europe,on-demand,2,4,0.1907
AWS,europe,on-demand,2,8,0.2129
AWS,europe,on-demand,2,16,0.25378
AWS,europe,on-demand,2,32,0.339605
AWS,europe,on-demand,4,4,0.27766
AWS,europe,on-demand,4,8,0.297865
AWS,europe,on-demand,4,16,0.332585
AWS,europe,on-demand,4,32,0.42027
AWS,europe,on-demand,4,64,0.58316
AWS,europe,on-demand,8,8,0.46014
AWS,europe,on-demand,8,16,0.5016700000000001
AWS,europe,on-demand,8,32,0.58262
AWS,europe,on-demand,8,64,0.74783
AWS,europe,on-demand,8,128,1.07411
AWS,europe,on-demand,16,16,0.8296300000000001
AWS,europe,on-demand,16,32,0.91475
AWS,europe,on-demand,16,64,1.074815
AWS,europe,on-demand,16,128,1.40571
AWS,europe,on-demand,32,32,1.567365
AWS,europe,on-demand,32,64,1.741085
AWS,europe,on-demand,32,128,2.06964
AWS,europe,spot,1,2,0.09625
AWS,europe,spot,1,4,0.106285
AWS,europe,spot,1,8,0.1276149999999999
AWS,europe,spot,1,16,0.14722
AWS,europe,spot,2,2,0.133195
AWS,europe,spot,2,4,0.131605
AWS,europe,spot,2,8,0.152935
AWS,europe,spot,2,16,0.176695
AWS,europe,spot,2,32,0.230935
AWS,europe,spot,4,4,0.19955
AWS,europe,spot,4,8,0.19857
AWS,europe,spot,4,16,0.240235
AWS,europe,spot,4,32,0.30055
AWS,europe,spot,4,64,0.4196
AWS,europe,spot,8,8,0.315015
AWS,europe,spot,8,16,0.346805
AWS,europe,spot,8,32,0.4095749999999999
AWS,europe,spot,8,64,0.5225799999999999
AWS,europe,spot,8,128,0.755155
AWS,europe,spot,16,16,0.5860299999999999
AWS,europe,spot,16,32,0.671075
AWS,europe,spot,16,64,0.773575
AWS,europe,spot,16,128,0.97976
AWS,europe,spot,32,32,1.093195
AWS,europe,spot,32,64,1.27208
AWS,europe,spot,32,128,1.5209
AWS,us-east,1yr-reserved,1,2,0.1097699999999999
AWS,us-east,1yr-reserved,1,4,0.121225
AWS,us-east,1yr-reserved,1,8,0.140385
AWS,us-east,1yr-reserved,1,16,0.17307
AWS,us-east,1yr-reserved,2,2,0.146125
AWS,us-east,1yr-reserved,2,4,0.15359
AWS,us-east,1yr-reserved,2,8,0.16829
AWS,us-east,1yr-reserved,2,16,0.2103749999999999
AWS,us-east,1yr-reserved,2,32,0.269075
AWS,us-east,1yr-reserved,4,4,0.2172
AWS,us-east,1yr-reserved,4,8,0.23527
AWS,us-east,1yr-reserved,4,16,0.27015
AWS,us-east,1yr-reserved,4,32,0.33589
AWS,us-east,1yr-reserved,4,64,0.471545
AWS,us-east,1yr-reserved,8,8,0.3618599999999999
AWS,us-east,1yr-reserved,8,16,0.39209
AWS,us-east,1yr-reserved,8,32,0.46515
AWS,us-east,1yr-reserved,8,64,0.592825
AWS,us-east,1yr-reserved,8,128,0.853595
AWS,us-east,1yr-reserved,16,16,0.65608
AWS,us-east,1yr-reserved,16,32,0.748325
AWS,us-east,1yr-reserved,16,64,0.85587
AWS,us-east,1yr-reserved,16,128,1.12275
AWS,us-east,1yr-reserved,32,32,1.286
AWS,us-east,1yr-reserved,32,64,1.402365
AWS,us-east,1yr-reserved,32,128,1.674255
AWS,us-east,3yr-reserved,1,2,0.1071
AWS,us-east,3yr-reserved,1,4,0.11099
AWS,us-east,3yr-reserved,1,8,0.12376
AWS,us-east,3yr-reserved,1,16,0.15209
AWS,us-east,3yr-reserved,2,2,0.135595
AWS,us-east,3yr-reserved,2,4,0.140435
AWS,us-east,3yr-reserved,2,8,0.155895
AWS,us-east,3yr-reserved,2,16,0.18455
AWS,us-east,3yr-reserved,2,32,0.249855
AWS,us-east,3yr-reserved,4,4,0.20807
AWS,us-east,3yr-reserved,4,8,0.21536
AWS,us-east,3yr-reserved,4,16,0.2485949999999999
AWS,us-east,3yr-reserved,4,32,0.30766
AWS,us-east,3yr-reserved,4,64,0.41073
AWS,us-east,3yr-reserved,8,8,0.3335
AWS,us-east,3yr-reserved,8,16,0.36092
AWS,us-east,3yr-reserved,8,32,0.4259
AWS,us-east,3yr-reserved,8,64,0.531705
AWS,us-east,3yr-reserved,8,128,0.7803150000000001
AWS,us-east,3yr-reserved,16,16,0.625635
AWS,us-east,3yr-reserved,16,32,0.660365
AWS,us-east,3yr-reserved,16,64,0.799545
AWS,us-east,3yr-reserved,16,128,1.01166
AWS,us-east,3yr-reserved,32,32,1.135465
AWS,us-east,3yr-reserved,32,64,1.23677
AWS,us-east,3yr-reserved,32,128,1.54191
AWS,us-east,on-demand,1,2,0.1245449999999999
AWS,us-east,on-demand,1,4,0.133785
AWS,us-east,on-demand,1,8,0.1524049999999999
AWS,us-east,on-demand,1,16,0.191445
AWS,us-east,on-demand,2,2,0.162125
AWS,us-east,on-demand,2,4,0.172635
AWS,us-east,on-demand,2,8,0.19022
AWS,us-east,on-demand,2,16,0.2298049999999999
AWS,us-east,on-demand,2,32,0.303115
AWS,us-east,on-demand,4,4,0.246015
AWS,us-east,on-demand,4,8,0.26516
AWS,us-east,on-demand,4,16,0.300705
AWS,us-east,on-demand,4,32,0.372555
AWS,us-east,on-demand,4,64,0.516125
AWS,us-east,on-demand,8,8,0.411095
AWS,us-east,on-demand,8,16,0.452495
AWS,us-east,on-demand,8,32,0.5205
AWS,us-east,on-demand,8,64,0.666615
AWS,us-east,on-demand,8,128,0.968825
AWS,us-east,on-demand,16,16,0.736375
AWS,us-east,on-demand,16,32,0.817465
AWS,us-east,on-demand,16,64,0.95224
AWS,us-east,on-demand,16,128,1.2639749999999998
AWS,us-east,on-demand,32,32,1.39645
AWS,us-east,on-demand,32,64,1.557695
AWS,us-east,on-demand,32,128,1.85182
AWS,us-east,spot,1,2,0.089215
AWS,us-east,spot,1,4,0.09498
AWS,us-east,spot,1,8,0.10677
AWS,us-east,spot,1,16,0.13422
AWS,us-east,spot,2,2,0.1097899999999999
AWS,us-east,spot,2,4,0.12373
AWS,us-east,spot,2,8,0.135105
AWS,us-east,spot,2,16,0.159185
AWS,us-east,spot,2,32,0.20405
AWS,us-east,spot,4,4,0.1726
AWS,us-east,spot,4,8,0.186495
AWS,us-east,spot,4,16,0.210415
AWS,us-east,spot,4,32,0.264435
AWS,us-east,spot,4,64,0.366705
AWS,us-east,spot,8,8,0.29008
AWS,us-east,spot,8,16,0.318695
AWS,us-east,spot,8,32,0.36004
AWS,us-east,spot,8,64,0.488525
AWS,us-east,spot,8,128,0.7057450000000001
AWS,us-east,spot,16,16,0.515695
AWS,us-east,spot,16,32,0.59107
AWS,us-east,spot,16,64,0.656705
AWS,us-east,spot,16,128,0.89467
AWS,us-east,spot,32,32,1.0153
AWS,us-east,spot,32,64,1.0645099999999998
AWS,us-east,spot,32,128,1.31489
AWS,us-west,1yr-reserved,1,2,0.123995
AWS,us-west,1yr-reserved,1,4,0.12983
AWS,us-west,1yr-reserved,1,8,0.152655
AWS,us-west,1yr-reserved,1,16,0.183925
AWS,us-west,1yr-reserved,2,2,0.158635
AWS,us-west,1yr-reserved,2,4,0.1638649999999999
AWS,us-west,1yr-reserved,2,8,0.181915
AWS,us-west,1yr-reserved,2,16,0.22202
AWS,us-west,1yr-reserved,2,32,0.29336
AWS,us-west,1yr-reserved,4,4,0.2383799999999999
AWS,us-west,1yr-reserved,4,8,0.256905
AWS,us-west,1yr-reserved,4,16,0.29022
AWS,us-west,1yr-reserved,4,32,0.36626
AWS,us-west,1yr-reserved,4,64,0.50454
AWS,us-west,1yr-reserved,8,8,0.394835
AWS,us-west,1yr-reserved,8,16,0.4406299999999999
AWS,us-west,1yr-reserved,8,32,0.5183099999999999
AWS,us-west,1yr-reserved,8,64,0.648175
AWS,us-west,1yr-reserved,8,128,0.92321
AWS,us-west,1yr-reserved,16,16,0.71531
AWS,us-west,1yr-reserved,16,32,0.791515
AWS,us-west,1yr-reserved,16,64,0.947075
AWS,us-west,1yr-reserved,16,128,1.18784
AWS,us-west,1yr-reserved,32,32,1.34594
AWS,us-west,1yr-reserved,32,64,1.482755
AWS,us-west,1yr-reserved,32,128,1.80575
AWS,us-west,3yr-reserved,1,2,0.10972
AWS,us-west,3yr-reserved,1,4,0.121445
AWS,us-west,3yr-reserved,1,8,0.1415799999999999
AWS,us-west,3yr-reserved,1,16,0.16451
AWS,us-west,3yr-reserved,2,2,0.147025
AWS,us-west,3yr-reserved,2,4,0.15423
AWS,us-west,3yr-reserved,2,8,0.168165
AWS,us-west,3yr-reserved,2,16,0.2013049999999999
AWS,us-west,3yr-reserved,2,32,0.26839
AWS,us-west,3yr-reserved,4,4,0.22068
AWS,us-west,3yr-reserved,4,8,0.234885
AWS,us-west,3yr-reserved,4,16,0.2694
AWS,us-west,3yr-reserved,4,32,0.33186
AWS,us-west,3yr-reserved,4,64,0.4579049999999999
AWS,us-west,3yr-reserved,8,8,0.36436
AWS,us-west,3yr-reserved,8,16,0.40065
AWS,us-west,3yr-reserved,8,32,0.45074
AWS,us-west,3yr-reserved,8,64,0.59293
AWS,us-west,3yr-reserved,8,128,0.84322
AWS,us-west,3yr-reserved,16,16,0.6537
AWS,us-west,3yr-reserved,16,32,0.71451
AWS,us-west,3yr-reserved,16,64,0.83872
AWS,us-west,3yr-reserved,16,128,1.10987
AWS,us-west,3yr-reserved,32,32,1.2359399999999998
AWS,us-west,3yr-reserved,32,64,1.35612
AWS,us-west,3yr-reserved,32,128,1.603305
AWS,us-west,on-demand,1,2,0.13643
AWS,us-west,on-demand,1,4,0.14712
AWS,us-west,on-demand,1,8,0.167615
AWS,us-west,on-demand,1,16,0.2048499999999999
AWS,us-west,on-demand,2,2,0.176065
AWS,us-west,on-demand,2,4,0.18849
AWS,us-west,on-demand,2,8,0.20488
AWS,us-west,on-demand,2,16,0.2441549999999999
AWS,us-west,on-demand,2,32,0.32494
AWS,us-west,on-demand,4,4,0.26659
AWS,us-west,on-demand,4,8,0.283305
AWS,us-west,on-demand,4,16,0.32774
AWS,us-west,on-demand,4,32,0.4043599999999999
AWS,us-west,on-demand,4,64,0.563045
AWS,us-west,on-demand,8,8,0.439145
AWS,us-west,on-demand,8,16,0.4795899999999999
AWS,us-west,on-demand,8,32,0.55897
AWS,us-west,on-demand,8,64,0.73284
AWS,us-west,on-demand,8,128,1.03863
AWS,us-west,on-demand,16,16,0.8069649999999999
AWS,us-west,on-demand,16,32,0.88279
AWS,us-west,on-demand,16,64,1.04243
AWS,us-west,on-demand,16,128,1.36348
AWS,us-west,on-demand,32,32,1.5182449999999998
AWS,us-west,on-demand,32,64,1.6652550000000002
AWS,us-west,on-demand,32,128,1.998855
AWS,us-west,spot,1,2,0.098695
AWS,us-west,spot,1,4,0.102305
AWS,us-west,spot,1,8,0.11725
AWS,us-west,spot,1,16,0.142015
AWS,us-west,spot,2,2,0.125505
AWS,us-west,spot,2,4,0.132735
AWS,us-west,spot,2,8,0.147145
AWS,us-west,spot,2,16,0.1689449999999999
AWS,us-west,spot,2,32,0.2192299999999999
AWS,us-west,spot,4,4,0.186165
AWS,us-west,spot,4,8,0.205655
AWS,us-west,spot,4,16,0.2295999999999999
AWS,us-west,spot,4,32,0.27695
AWS,us-west,spot,4,64,0.402045
AWS,us-west,spot,8,8,0.303815
AWS,us-west,spot,8,16,0.352715
AWS,us-west,spot,8,32,0.407415
AWS,us-west,spot,8,64,0.506765
AWS,us-west,spot,8,128,0.74023
AWS,us-west,spot,16,16,0.577135
AWS,us-west,spot,16,32,0.643275
AWS,us-west,spot,16,64,0.7384000000000001
AWS,us-west,spot,16,128,0.959865
AWS,us-west,spot,32,32,1.06769
AWS,us-west,spot,32,64,1.181855
AWS,us-west,spot,32,128,1.402895
Azure,asia,1yr-reserved,1,2,0.139313
Azure,asia,1yr-reserved,1,4,0.149493
Azure,asia,1yr-reserved,1,8,0.170944
Azure,asia,1yr-reserved,1,16,0.210342
Azure,asia,1yr-reserved,2,2,0.181937
Azure,asia,1yr-reserved,2,4,0.191523
Azure,asia,1yr-reserved,2,8,0.211959
Azure,asia,1yr-reserved,2,16,0.250931
Azure,asia,1yr-reserved,2,32,0.333206
Azure,asia,1yr-reserved,4,4,0.269755
Azure,asia,1yr-reserved,4,8,0.291662
Azure,asia,1yr-reserved,4,16,0.33493
Azure,asia,1yr-reserved,4,32,0.420538
Azure,asia,1yr-reserved,4,64,0.576955
Azure,asia,1yr-reserved,8,8,0.452685
Azure,asia,1yr-reserved,8,16,0.500142
Azure,asia,1yr-reserved,8,32,0.577854
Azure,asia,1yr-reserved,8,64,0.748561
Azure,asia,1yr-reserved,8,128,1.067687
Azure,asia,1yr-reserved,16,16,0.826781
Azure,asia,1yr-reserved,16,32,0.908526
Azure,asia,1yr-reserved,16,64,1.081032
Azure,asia,1yr-reserved,16,128,1.415386
Azure,asia,1yr-reserved,32,32,1.556467
Azure,asia,1yr-reserved,32,64,1.718018
Azure,asia,1yr-reserved,32,128,2.041642
Azure,asia,3yr-reserved,1,2,0.126789
Azure,asia,3yr-reserved,1,4,0.136054
Azure,asia,3yr-reserved,1,8,0.155577
Azure,asia,3yr-reserved,1,16,0.191433
Azure,asia,3yr-reserved,2,2,0.165581
Azure,asia,3yr-reserved,2,4,0.174305
Azure,asia,3yr-reserved,2,8,0.192904
Azure,asia,3yr-reserved,2,16,0.228373
Azure,asia,3yr-reserved,2,32,0.303251
Azure,asia,3yr-reserved,4,4,0.245504
Azure,asia,3yr-reserved,4,8,0.265442
Azure,asia,3yr-reserved,4,16,0.304821
Azure,asia,3yr-reserved,4,32,0.382732
Azure,asia,3yr-reserved,4,64,0.525088
Azure,asia,3yr-reserved,8,8,0.411989
Azure,asia,3yr-reserved,8,16,0.45518
Azure,asia,3yr-reserved,8,32,0.525906
Azure,asia,3yr-reserved,8,64,0.681267
Azure,asia,3yr-reserved,8,128,0.971704
Azure,asia,3yr-reserved,16,16,0.752455
Azure,asia,3yr-reserved,16,32,0.826852
Azure,asia,3yr-reserved,16,64,0.983849
Azure,asia,3yr-reserved,16,128,1.288146
Azure,asia,3yr-reserved,32,32,1.416544
Azure,asia,3yr-reserved,32,64,1.563572
Azure,asia,3yr-reserved,32,128,1.858103
Azure,asia,on-demand,1,2,0.16197
Azure,asia,on-demand,1,4,0.173805
Azure,asia,on-demand,1,8,0.198745
Azure,asia,on-demand,1,16,0.24455
Azure,asia,on-demand,2,2,0.211525
Azure,asia,on-demand,2,4,0.22267
Azure,asia,on-demand,2,8,0.24643
Azure,asia,on-demand,2,16,0.29174
Azure,asia,on-demand,2,32,0.387395
Azure,asia,on-demand,4,4,0.313625
Azure,asia,on-demand,4,8,0.339095
Azure,asia,on-demand,4,16,0.3894
Azure,asia,on-demand,4,32,0.48893
Azure,asia,on-demand,4,64,0.670785
Azure,asia,on-demand,8,8,0.526305
Azure,asia,on-demand,8,16,0.58148
Azure,asia,on-demand,8,32,0.67183
Azure,asia,on-demand,8,64,0.8703
Azure,asia,on-demand,8,128,1.241325
Azure,asia,on-demand,16,16,0.96124
Azure,asia,on-demand,16,32,1.05628
Azure,asia,on-demand,16,64,1.25684
Azure,asia,on-demand,16,128,1.64557
Azure,asia,on-demand,32,32,1.809595
Azure,asia,on-demand,32,64,1.99742
Azure,asia,on-demand,32,128,2.373675
Azure,asia,spot,1,2,0.097165
Azure,asia,spot,1,4,0.104265
Azure,asia,spot,1,8,0.119226
Azure,asia,spot,1,16,0.146705
Azure,asia,spot,2,2,0.126893
Azure,asia,spot,2,4,0.133579
Azure,asia,spot,2,8,0.147832
Azure,asia,spot,2,16,0.175014
Azure,asia,spot,2,32,0.232397
Azure,asia,spot,4,4,0.188143
Azure,asia,spot,4,8,0.203422
Azure,asia,spot,4,16,0.2336
Azure,asia,spot,4,32,0.293307
Azure,asia,spot,4,64,0.402402
Azure,asia,spot,8,8,0.315729
Azure,asia,spot,8,16,0.348828
Azure,asia,spot,8,32,0.403028
Azure,asia,spot,8,64,0.52209
Azure,asia,spot,8,128,0.744666
Azure,asia,spot,16,16,0.576644
Azure,asia,spot,16,32,0.633659
Azure,asia,spot,16,64,0.753974
Azure,asia,spot,16,128,0.987172
Azure,asia,spot,32,32,1.08557
Azure,asia,spot,32,64,1.198245
Azure,asia,spot,32,128,1.423959
Azure,europe,1yr-reserved,1,2,0.128308
Azure,europe,1yr-reserved,1,4,0.141644
Azure,europe,1yr-reserved,1,8,0.158997
Azure,europe,1yr-reserved,1,16,0.196408
Azure,europe,1yr-reserved,2,2,0.168811
Azure,europe,1yr-reserved,2,4,0.176178
Azure,europe,1yr-reserved,2,8,0.19603
Azure,europe,1yr-reserved,2,16,0.235617
Azure,europe,1yr-reserved,2,32,0.312688
Azure,europe,1yr-reserved,4,4,0.252608
Azure,europe,1yr-reserved,4,8,0.278343
Azure,europe,1yr-reserved,4,16,0.314102
Azure,europe,1yr-reserved,4,32,0.386421
Azure,europe,1yr-reserved,4,64,0.543423
Azure,europe,1yr-reserved,8,8,0.427655
Azure,europe,1yr-reserved,8,16,0.466305
Azure,europe,1yr-reserved,8,32,0.544081
Azure,europe,1yr-reserved,8,64,0.694576
Azure,europe,1yr-reserved,8,128,0.997708
Azure,europe,1yr-reserved,16,16,0.771028
Azure,europe,1yr-reserved,16,32,0.85169
Azure,europe,1yr-reserved,16,64,1.006713
Azure,europe,1yr-reserved,16,128,1.298035
Azure,europe,1yr-reserved,32,32,1.444251
Azure,europe,1yr-reserved,32,64,1.609695
Azure,europe,1yr-reserved,32,128,1.900772
Azure,europe,3yr-reserved,1,2,0.116774
Azure,europe,3yr-reserved,1,4,0.128911
Azure,europe,3yr-reserved,1,8,0.144704
Azure,europe,3yr-reserved,1,16,0.178751
Azure,europe,3yr-reserved,2,2,0.153635
Azure,europe,3yr-reserved,2,4,0.16034
Azure,europe,3yr-reserved,2,8,0.178407
Azure,europe,3yr-reserved,2,16,0.214435
Azure,europe,3yr-reserved,2,32,0.284578
Azure,europe,3yr-reserved,4,4,0.229899
Azure,europe,3yr-reserved,4,8,0.253321
Azure,europe,3yr-reserved,4,16,0.285865
Azure,europe,3yr-reserved,4,32,0.351683
Azure,europe,3yr-reserved,4,64,0.494571
Azure,europe,3yr-reserved,8,8,0.38921
Azure,europe,3yr-reserved,8,16,0.424385
Azure,europe,3yr-reserved,8,32,0.495169
Azure,europe,3yr-reserved,8,64,0.632135
Azure,europe,3yr-reserved,8,128,0.908016
Azure,europe,3yr-reserved,16,16,0.701714
Azure,europe,3yr-reserved,16,32,0.775125
Azure,europe,3yr-reserved,16,64,0.916212
Azure,europe,3yr-reserved,16,128,1.181345
Azure,europe,3yr-reserved,32,32,1.314416
Azure,europe,3yr-reserved,32,64,1.464987
Azure,europe,3yr-reserved,32,128,1.729897
Azure,europe,on-demand,1,2,0.149175
Azure,europe,on-demand,1,4,0.16468
Azure,europe,on-demand,1,8,0.184855
Azure,europe,on-demand,1,16,0.22835
Azure,europe,on-demand,2,2,0.196265
Azure,europe,on-demand,2,4,0.20483
Azure,europe,on-demand,2,8,0.22791
Azure,europe,on-demand,2,16,0.273935
Azure,europe,on-demand,2,32,0.36354
Azure,europe,on-demand,4,4,0.29369
Azure,europe,on-demand,4,8,0.32361
Azure,europe,on-demand,4,16,0.365185
Azure,europe,on-demand,4,32,0.449265
Azure,europe,on-demand,4,64,0.6317999999999999
Azure,europe,on-demand,8,8,0.497205
Azure,europe,on-demand,8,16,0.5421400000000001
Azure,europe,on-demand,8,32,0.6325649999999999
Azure,europe,on-demand,8,64,0.807535
Azure,europe,on-demand,8,128,1.159965
Azure,europe,on-demand,16,16,0.89642
Azure,europe,on-demand,16,32,0.9902
Azure,europe,on-demand,16,64,1.170435
Azure,europe,on-demand,16,128,1.509135
Azure,europe,on-demand,32,32,1.67913
Azure,europe,on-demand,32,64,1.87148
Azure,europe,on-demand,32,128,2.2098950000000004
Azure,europe,spot,1,2,0.08949
Azure,europe,spot,1,4,0.098791
Azure,europe,spot,1,8,0.110894
Azure,europe,spot,1,16,0.136986
Azure,europe,spot,2,2,0.117739
Azure,europe,spot,2,4,0.122877
Azure,europe,spot,2,8,0.136722
Azure,europe,spot,2,16,0.164333
Azure,europe,spot,2,32,0.218086
Azure,europe,spot,4,4,0.176184
Azure,europe,spot,4,8,0.194132
Azure,europe,spot,4,16,0.219073
Azure,europe,spot,4,32,0.269512
Azure,europe,spot,4,64,0.379015
Azure,europe,spot,8,8,0.298272
Azure,europe,spot,8,16,0.325228
Azure,europe,spot,8,32,0.379474
Azure,europe,spot,8,64,0.484437
Azure,europe,spot,8,128,0.695859
Azure,europe,spot,16,16,0.537759
Azure,europe,spot,16,32,0.594017
Azure,europe,spot,16,64,0.70214
Azure,europe,spot,16,128,0.905325
Azure,europe,spot,32,32,1.007304
Azure,europe,spot,32,64,1.122694
Azure,europe,spot,32,128,1.325708
Azure,us-east,1yr-reserved,1,2,0.115583
Azure,us-east,1yr-reserved,1,4,0.125612
Azure,us-east,1yr-reserved,1,8,0.142711
Azure,us-east,1yr-reserved,1,16,0.174682
Azure,us-east,1yr-reserved,2,2,0.15062
Azure,us-east,1yr-reserved,2,4,0.157772
Azure,us-east,1yr-reserved,2,8,0.176428
Azure,us-east,1yr-reserved,2,16,0.208329
Azure,us-east,1yr-reserved,2,32,0.2771
Azure,us-east,1yr-reserved,4,4,0.228142
Azure,us-east,1yr-reserved,4,8,0.245319
Azure,us-east,1yr-reserved,4,16,0.279186
Azure,us-east,1yr-reserved,4,32,0.350778
Azure,us-east,1yr-reserved,4,64,0.485984
Azure,us-east,1yr-reserved,8,8,0.3824
Azure,us-east,1yr-reserved,8,16,0.412874
Azure,us-east,1yr-reserved,8,32,0.490272
Azure,us-east,1yr-reserved,8,64,0.612086
Azure,us-east,1yr-reserved,8,128,0.890356
Azure,us-east,1yr-reserved,16,16,0.696073
Azure,us-east,1yr-reserved,16,32,0.759167
Azure,us-east,1yr-reserved,16,64,0.895814
Azure,us-east,1yr-reserved,16,128,1.166257
Azure,us-east,1yr-reserved,32,32,1.296453
Azure,us-east,1yr-reserved,32,64,1.450823
Azure,us-east,1yr-reserved,32,128,1.697341
Azure,us-east,3yr-reserved,1,2,0.105192
Azure,us-east,3yr-reserved,1,4,0.11432
Azure,us-east,3yr-reserved,1,8,0.129882
Azure,us-east,3yr-reserved,1,16,0.158978
Azure,us-east,3yr-reserved,2,2,0.137079
Azure,us-east,3yr-reserved,2,4,0.143588
Azure,us-east,3yr-reserved,2,8,0.160567
Azure,us-east,3yr-reserved,2,16,0.189601
Azure,us-east,3yr-reserved,2,32,0.252189
Azure,us-east,3yr-reserved,4,4,0.207633
Azure,us-east,3yr-reserved,4,8,0.223265
Azure,us-east,3yr-reserved,4,16,0.254088
Azure,us-east,3yr-reserved,4,32,0.319244
Azure,us-east,3yr-reserved,4,64,0.442295
Azure,us-east,3yr-reserved,8,8,0.348023
Azure,us-east,3yr-reserved,8,16,0.375758
Azure,us-east,3yr-reserved,8,32,0.446198
Azure,us-east,3yr-reserved,8,64,0.557061
Azure,us-east,3yr-reserved,8,128,0.810315
Azure,us-east,3yr-reserved,16,16,0.633497
Azure,us-east,3yr-reserved,16,32,0.690919
Azure,us-east,3yr-reserved,16,64,0.815282
Azure,us-east,3yr-reserved,16,128,1.061413
Azure,us-east,3yr-reserved,32,32,1.179905
Azure,us-east,3yr-reserved,32,64,1.320397
Azure,us-east,3yr-reserved,32,128,1.544754
Azure,us-east,on-demand,1,2,0.13438
Azure,us-east,on-demand,1,4,0.14604
Azure,us-east,on-demand,1,8,0.16592
Azure,us-east,on-demand,1,16,0.20309
Azure,us-east,on-demand,2,2,0.175115
Azure,us-east,on-demand,2,4,0.18343
Azure,us-east,on-demand,2,8,0.20512
Azure,us-east,on-demand,2,16,0.2422099999999999
Azure,us-east,on-demand,2,32,0.322165
Azure,us-east,on-demand,4,4,0.265245
Azure,us-east,on-demand,4,8,0.285215
Azure,us-east,on-demand,4,16,0.32459
Azure,us-east,on-demand,4,32,0.407825
Azure,us-east,on-demand,4,64,0.56502
Azure,us-east,on-demand,8,8,0.44459
Azure,us-east,on-demand,8,16,0.48002
Azure,us-east,on-demand,8,32,0.570005
Azure,us-east,on-demand,8,64,0.71163
Azure,us-east,on-demand,8,128,1.035155
Azure,us-east,on-demand,16,16,0.8092750000000001
Azure,us-east,on-demand,16,32,0.88263
Azure,us-east,on-demand,16,64,1.0415
Azure,us-east,on-demand,16,128,1.355925
Azure,us-east,on-demand,32,32,1.507295
Azure,us-east,on-demand,32,64,1.68677
Azure,us-east,on-demand,32,128,1.97338
Azure,us-east,spot,1,2,0.080614
Azure,us-east,spot,1,4,0.087609
Azure,us-east,spot,1,8,0.099535
Azure,us-east,spot,1,16,0.121833
Azure,us-east,spot,2,2,0.105051
Azure,us-east,spot,2,4,0.110039
Azure,us-east,spot,2,8,0.123051
Azure,us-east,spot,2,16,0.145301
Azure,us-east,spot,2,32,0.193266
Azure,us-east,spot,4,4,0.15912
Azure,us-east,spot,4,8,0.171099
Azure,us-east,spot,4,16,0.19472
Azure,us-east,spot,4,32,0.244653
Azure,us-east,spot,4,64,0.338954
Azure,us-east,spot,8,8,0.266708
Azure,us-east,spot,8,16,0.287962
Azure,us-east,spot,8,32,0.341944
Azure,us-east,spot,8,64,0.426904
Azure,us-east,spot,8,128,0.620986
Azure,us-east,spot,16,16,0.485481
Azure,us-east,spot,16,32,0.529487
Azure,us-east,spot,16,64,0.624792
Azure,us-east,spot,16,128,0.813415
Azure,us-east,spot,32,32,0.904221
Azure,us-east,spot,32,64,1.011887
Azure,us-east,spot,32,128,1.183824
Azure,us-west,1yr-reserved,1,2,0.125758
Azure,us-west,1yr-reserved,1,4,0.135404
Azure,us-west,1yr-reserved,1,8,0.153652
Azure,us-west,1yr-reserved,1,16,0.189811
Azure,us-west,1yr-reserved,2,2,0.162244
Azure,us-west,1yr-reserved,2,4,0.169198
Azure,us-west,1yr-reserved,2,8,0.189699
Azure,us-west,1yr-reserved,2,16,0.229032
Azure,us-west,1yr-reserved,2,32,0.303007
Azure,us-west,1yr-reserved,4,4,0.244747
Azure,us-west,1yr-reserved,4,8,0.264861
Azure,us-west,1yr-reserved,4,16,0.303549
Azure,us-west,1yr-reserved,4,32,0.37502
Azure,us-west,1yr-reserved,4,64,0.525318
Azure,us-west,1yr-reserved,8,8,0.410698
Azure,us-west,1yr-reserved,8,16,0.451739
Azure,us-west,1yr-reserved,8,32,0.520359
Azure,us-west,1yr-reserved,8,64,0.665113
Azure,us-west,1yr-reserved,8,128,0.974166
Azure,us-west,1yr-reserved,16,16,0.743457
Azure,us-west,1yr-reserved,16,32,0.817405
Azure,us-west,1yr-reserved,16,64,0.9572
Azure,us-west,1yr-reserved,16,128,1.269299
Azure,us-west,1yr-reserved,32,32,1.429969
Azure,us-west,1yr-reserved,32,64,1.560905
Azure,us-west,1yr-reserved,32,128,1.826174
Azure,us-west,3yr-reserved,1,2,0.114453
Azure,us-west,3yr-reserved,1,4,0.123232
Azure,us-west,3yr-reserved,1,8,0.139839
Azure,us-west,3yr-reserved,1,16,0.172747
Azure,us-west,3yr-reserved,2,2,0.147659
Azure,us-west,3yr-reserved,2,4,0.153988
Azure,us-west,3yr-reserved,2,8,0.172646
Azure,us-west,3yr-reserved,2,16,0.208443
Azure,us-west,3yr-reserved,2,32,0.275767
Azure,us-west,3yr-reserved,4,4,0.222745
Azure,us-west,3yr-reserved,4,8,0.24105
Azure,us-west,3yr-reserved,4,16,0.27626
Azure,us-west,3yr-reserved,4,32,0.341307
Azure,us-west,3yr-reserved,4,64,0.478093
Azure,us-west,3yr-reserved,8,8,0.373777
Azure,us-west,3yr-reserved,8,16,0.411128
Azure,us-west,3yr-reserved,8,32,0.47358
Azure,us-west,3yr-reserved,8,64,0.605321
Azure,us-west,3yr-reserved,8,128,0.886591
Azure,us-west,3yr-reserved,16,16,0.676621
Azure,us-west,3yr-reserved,16,32,0.743922
Azure,us-west,3yr-reserved,16,64,0.87115
Azure,us-west,3yr-reserved,16,128,1.155192
Azure,us-west,3yr-reserved,32,32,1.301418
Azure,us-west,3yr-reserved,32,64,1.420583
Azure,us-west,3yr-reserved,32,128,1.662005
Azure,us-west,on-demand,1,2,0.14621
Azure,us-west,on-demand,1,4,0.157425
Azure,us-west,on-demand,1,8,0.17864
Azure,us-west,on-demand,1,16,0.22068
Azure,us-west,on-demand,2,2,0.18863
Azure,us-west,on-demand,2,4,0.196715
Azure,us-west,on-demand,2,8,0.22055
Azure,us-west,on-demand,2,16,0.2662799999999999
Azure,us-west,on-demand,2,32,0.352285
Azure,us-west,on-demand,4,4,0.2845499999999999
Azure,us-west,on-demand,4,8,0.3079349999999999
Azure,us-west,on-demand,4,16,0.352915
Azure,us-west,on-demand,4,32,0.43601
Azure,us-west,on-demand,4,64,0.61075
Azure,us-west,on-demand,8,8,0.4774899999999999
Azure,us-west,on-demand,8,16,0.5252049999999999
Azure,us-west,on-demand,8,32,0.604985
Azure,us-west,on-demand,8,64,0.77328
Azure,us-west,on-demand,8,128,1.132595
Azure,us-west,on-demand,16,16,0.864365
Azure,us-west,on-demand,16,32,0.95034
Azure,us-west,on-demand,16,64,1.11287
Azure,us-west,on-demand,16,128,1.475725
Azure,us-west,on-demand,32,32,1.662525
Azure,us-west,on-demand,32,64,1.814755
Azure,us-west,on-demand,32,128,2.123165
Azure,us-west,spot,1,2,0.087711
Azure,us-west,spot,1,4,0.094439
Azure,us-west,spot,1,8,0.107166
Azure,us-west,spot,1,16,0.132385
Azure,us-west,spot,2,2,0.113158
Azure,us-west,spot,2,4,0.118009
Azure,us-west,spot,2,8,0.132307
Azure,us-west,spot,2,16,0.15974
Azure,us-west,spot,2,32,0.211335
Azure,us-west,spot,4,4,0.170701
Azure,us-west,spot,4,8,0.184729
Azure,us-west,spot,4,16,0.211712
Azure,us-west,spot,4,32,0.261561
Azure,us-west,spot,4,64,0.366387
Azure,us-west,spot,8,8,0.286445
Azure,us-west,spot,8,16,0.315069
Azure,us-west,spot,8,32,0.362928
Azure,us-west,spot,8,64,0.463888
Azure,us-west,spot,8,128,0.67944
Azure,us-west,spot,16,16,0.51853
Azure,us-west,spot,16,32,0.570106
Azure,us-west,spot,16,64,0.667607
Azure,us-west,spot,16,128,0.885282
Azure,us-west,spot,32,32,0.997343
Azure,us-west,spot,32,64,1.088665
Azure,us-west,spot,32,128,1.273679
GCP,asia,1yr-reserved,1,2,0.129645
GCP,asia,1yr-reserved,1,4,0.14104
GCP,asia,1yr-reserved,1,8,0.158355
GCP,asia,1yr-reserved,1,16,0.20066
GCP,asia,1yr-reserved,2,2,0.17046
GCP,asia,1yr-reserved,2,4,0.17992
GCP,asia,1yr-reserved,2,8,0.199325
GCP,asia,1yr-reserved,2,16,0.240125
GCP,asia,1yr-reserved,2,32,0.315655
GCP,asia,1yr-reserved,4,4,0.257
GCP,asia,1yr-reserved,4,8,0.272265
GCP,asia,1yr-reserved,4,16,0.307455
GCP,asia,1yr-reserved,4,32,0.395895
GCP,asia,1yr-reserved,4,64,0.542295
GCP,asia,1yr-reserved,8,8,0.42035
GCP,asia,1yr-reserved,8,16,0.47157
GCP,asia,1yr-reserved,8,32,0.53572
GCP,asia,1yr-reserved,8,64,0.6797500000000001
GCP,asia,1yr-reserved,8,128,1.009
GCP,asia,1yr-reserved,16,16,0.7675099999999999
GCP,asia,1yr-reserved,16,32,0.8608750000000001
GCP,asia,1yr-reserved,16,64,1.00984
GCP,asia,1yr-reserved,16,128,1.310365
GCP,asia,1yr-reserved,32,32,1.474945
GCP,asia,1yr-reserved,32,64,1.62452
GCP,asia,1yr-reserved,32,128,1.892405
GCP,asia,3yr-reserved,1,2,0.116575
GCP,asia,3yr-reserved,1,4,0.128725
GCP,asia,3yr-reserved,1,8,0.1480199999999999
GCP,asia,3yr-reserved,1,16,0.18213
GCP,asia,3yr-reserved,2,2,0.1562549999999999
GCP,asia,3yr-reserved,2,4,0.1634749999999999
GCP,asia,3yr-reserved,2,8,0.1746599999999999
GCP,asia,3yr-reserved,2,16,0.206875
GCP,asia,3yr-reserved,2,32,0.28969
GCP,asia,3yr-reserved,4,4,0.2380199999999999
GCP,asia,3yr-reserved,4,8,0.25117
GCP,asia,3yr-reserved,4,16,0.278155
GCP,asia,3yr-reserved,4,32,0.3606399999999999
GCP,asia,3yr-reserved,4,64,0.50995
GCP,asia,3yr-reserved,8,8,0.3893749999999999
GCP,asia,3yr-reserved,8,16,0.43026
GCP,asia,3yr-reserved,8,32,0.49983
GCP,asia,3yr-reserved,8,64,0.620325
GCP,asia,3yr-reserved,8,128,0.9251
GCP,asia,3yr-reserved,16,16,0.694235
GCP,asia,3yr-reserved,16,32,0.78396
GCP,asia,3yr-reserved,16,64,0.926645
GCP,asia,3yr-reserved,16,128,1.161675
GCP,asia,3yr-reserved,32,32,1.344645
GCP,asia,3yr-reserved,32,64,1.468425
GCP,asia,3yr-reserved,32,128,1.797985
GCP,asia,on-demand,1,2,0.16035
GCP,asia,on-demand,1,4,0.1719649999999999
GCP,asia,on-demand,1,8,0.19788
GCP,asia,on-demand,1,16,0.2409549999999999
GCP,asia,on-demand,2,2,0.20431
GCP,asia,on-demand,2,4,0.21824
GCP,asia,on-demand,2,8,0.24276
GCP,asia,on-demand,2,16,0.284725
GCP,asia,on-demand,2,32,0.37943
GCP,asia,on-demand,4,4,0.311625
GCP,asia,on-demand,4,8,0.336095
GCP,asia,on-demand,4,16,0.38212
GCP,asia,on-demand,4,32,0.473845
GCP,asia,on-demand,4,64,0.661145
GCP,asia,on-demand,8,8,0.51224
GCP,asia,on-demand,8,16,0.56656
GCP,asia,on-demand,8,32,0.6646150000000001
GCP,asia,on-demand,8,64,0.8404299999999999
GCP,asia,on-demand,8,128,1.216565
GCP,asia,on-demand,16,16,0.93247
GCP,asia,on-demand,16,32,1.0227499999999998
GCP,asia,on-demand,16,64,1.210465
GCP,asia,on-demand,16,128,1.59721
GCP,asia,on-demand,32,32,1.771225
GCP,asia,on-demand,32,64,1.96663
GCP,asia,on-demand,32,128,2.351855
GCP,asia,spot,1,2,0.082365
GCP,asia,spot,1,4,0.087295
GCP,asia,spot,1,8,0.09747
GCP,asia,spot,1,16,0.12392
GCP,asia,spot,2,2,0.1069949999999999
GCP,asia,spot,2,4,0.11226
GCP,asia,spot,2,8,0.130565
GCP,asia,spot,2,16,0.147755
GCP,asia,spot,2,32,0.2021599999999999
GCP,asia,spot,4,4,0.166925
GCP,asia,spot,4,8,0.17419
GCP,asia,spot,4,16,0.19743
GCP,asia,spot,4,32,0.242635
GCP,asia,spot,4,64,0.3473199999999999
GCP,asia,spot,8,8,0.268545
GCP,asia,spot,8,16,0.301155
GCP,asia,spot,8,32,0.340605
GCP,asia,spot,8,64,0.430435
GCP,asia,spot,8,128,0.6276900000000001
GCP,asia,spot,16,16,0.48632
GCP,asia,spot,16,32,0.544385
GCP,asia,spot,16,64,0.6435000000000001
GCP,asia,spot,16,128,0.8273550000000001
GCP,asia,spot,32,32,0.923145
GCP,asia,spot,32,64,1.01899
GCP,asia,spot,32,128,1.203805
GCP,europe,1yr-reserved,1,2,0.122295
GCP,europe,1yr-reserved,1,4,0.133135
GCP,europe,1yr-reserved,1,8,0.15076
GCP,europe,1yr-reserved,1,16,0.185495
GCP,europe,1yr-reserved,2,2,0.154215
GCP,europe,1yr-reserved,2,4,0.16232
GCP,europe,1yr-reserved,2,8,0.18585
GCP,europe,1yr-reserved,2,16,0.225725
GCP,europe,1yr-reserved,2,32,0.29977
GCP,europe,1yr-reserved,4,4,0.239685
GCP,europe,1yr-reserved,4,8,0.26042
GCP,europe,1yr-reserved,4,16,0.2978349999999999
GCP,europe,1yr-reserved,4,32,0.354375
GCP,europe,1yr-reserved,4,64,0.51252
GCP,europe,1yr-reserved,8,8,0.398355
GCP,europe,1yr-reserved,8,16,0.4281399999999999
GCP,europe,1yr-reserved,8,32,0.49582
GCP,europe,1yr-reserved,8,64,0.65175
GCP,europe,1yr-reserved,8,128,0.943455
GCP,europe,1yr-reserved,16,16,0.73186
GCP,europe,1yr-reserved,16,32,0.781755
GCP,europe,1yr-reserved,16,64,0.94088
GCP,europe,1yr-reserved,16,128,1.20103
GCP,europe,1yr-reserved,32,32,1.35404
GCP,europe,1yr-reserved,32,64,1.511165
GCP,europe,1yr-reserved,32,128,1.777485
GCP,europe,3yr-reserved,1,2,0.1105799999999999
GCP,europe,3yr-reserved,1,4,0.118575
GCP,europe,3yr-reserved,1,8,0.13488
GCP,europe,3yr-reserved,1,16,0.17318
GCP,europe,3yr-reserved,2,2,0.151575
GCP,europe,3yr-reserved,2,4,0.151675
GCP,europe,3yr-reserved,2,8,0.1727449999999999
GCP,europe,3yr-reserved,2,16,0.20733
GCP,europe,3yr-reserved,2,32,0.2595
GCP,europe,3yr-reserved,4,4,0.222375
GCP,europe,3yr-reserved,4,8,0.230975
GCP,europe,3yr-reserved,4,16,0.26175
GCP,europe,3yr-reserved,4,32,0.31433
GCP,europe,3yr-reserved,4,64,0.4617449999999999
GCP,europe,3yr-reserved,8,8,0.36349
GCP,europe,3yr-reserved,8,16,0.396615
GCP,europe,3yr-reserved,8,32,0.482
GCP,europe,3yr-reserved,8,64,0.5901449999999999
GCP,europe,3yr-reserved,8,128,0.853705
GCP,europe,3yr-reserved,16,16,0.64763
GCP,europe,3yr-reserved,16,32,0.73397
GCP,europe,3yr-reserved,16,64,0.8635400000000001
GCP,europe,3yr-reserved,16,128,1.120505
GCP,europe,3yr-reserved,32,32,1.196205
GCP,europe,3yr-reserved,32,64,1.363755
GCP,europe,3yr-reserved,32,128,1.668185
GCP,europe,on-demand,1,2,0.147605
GCP,europe,on-demand,1,4,0.1604
GCP,europe,on-demand,1,8,0.180895
GCP,europe,on-demand,1,16,0.224025
GCP,europe,on-demand,2,2,0.19315
GCP,europe,on-demand,2,4,0.20344
GCP,europe,on-demand,2,8,0.22501
GCP,europe,on-demand,2,16,0.269335
GCP,europe,on-demand,2,32,0.351975
GCP,europe,on-demand,4,4,0.291315
GCP,europe,on-demand,4,8,0.31219
GCP,europe,on-demand,4,16,0.35663
GCP,europe,on-demand,4,32,0.4419
GCP,europe,on-demand,4,64,0.619145
GCP,europe,on-demand,8,8,0.4862599999999999
GCP,europe,on-demand,8,16,0.528385
GCP,europe,on-demand,8,32,0.61645
GCP,europe,on-demand,8,64,0.7887799999999999
GCP,europe,on-demand,8,128,1.12317
GCP,europe,on-demand,16,16,0.8727199999999999
GCP,europe,on-demand,16,32,0.96975
GCP,europe,on-demand,16,64,1.136345
GCP,europe,on-demand,16,128,1.48153
GCP,europe,on-demand,32,32,1.672045
GCP,europe,on-demand,32,64,1.836015
GCP,europe,on-demand,32,128,2.20493
GCP,europe,spot,1,2,0.078785
GCP,europe,spot,1,4,0.0828
GCP,europe,spot,1,8,0.09344
GCP,europe,spot,1,16,0.11362
GCP,europe,spot,2,2,0.10111
GCP,europe,spot,2,4,0.1099
GCP,europe,spot,2,8,0.118485
GCP,europe,spot,2,16,0.14278
GCP,europe,spot,2,32,0.1874849999999999
GCP,europe,spot,4,4,0.150895
GCP,europe,spot,4,8,0.1594549999999999
GCP,europe,spot,4,16,0.18189
GCP,europe,spot,4,32,0.227845
GCP,europe,spot,4,64,0.321125
GCP,europe,spot,8,8,0.25465
GCP,europe,spot,8,16,0.28142
GCP,europe,spot,8,32,0.317845
GCP,europe,spot,8,64,0.403095
GCP,europe,spot,8,128,0.57541
GCP,europe,spot,16,16,0.4578
GCP,europe,spot,16,32,0.4997
GCP,europe,spot,16,64,0.57243
GCP,europe,spot,16,128,0.771675
GCP,europe,spot,32,32,0.8583299999999999
GCP,europe,spot,32,64,0.928285
GCP,europe,spot,32,128,1.12074
GCP,us-east,1yr-reserved,1,2,0.10903
GCP,us-east,1yr-reserved,1,4,0.116195
GCP,us-east,1yr-reserved,1,8,0.138505
GCP,us-east,1yr-reserved,1,16,0.168315
GCP,us-east,1yr-reserved,2,2,0.139395
GCP,us-east,1yr-reserved,2,4,0.148505
GCP,us-east,1yr-reserved,2,8,0.16771
GCP,us-east,1yr-reserved,2,16,0.199475
GCP,us-east,1yr-reserved,2,32,0.262795
GCP,us-east,1yr-reserved,4,4,0.21378
GCP,us-east,1yr-reserved,4,8,0.22643
GCP,us-east,1yr-reserved,4,16,0.26251
GCP,us-east,1yr-reserved,4,32,0.32891
GCP,us-east,1yr-reserved,4,64,0.461995
GCP,us-east,1yr-reserved,8,8,0.35459
GCP,us-east,1yr-reserved,8,16,0.391305
GCP,us-east,1yr-reserved,8,32,0.44678
GCP,us-east,1yr-reserved,8,64,0.577095
GCP,us-east,1yr-reserved,8,128,0.836815
GCP,us-east,1yr-reserved,16,16,0.63869
GCP,us-east,1yr-reserved,16,32,0.69457
GCP,us-east,1yr-reserved,16,64,0.834735
GCP,us-east,1yr-reserved,16,128,1.1012
GCP,us-east,1yr-reserved,32,32,1.19861
GCP,us-east,1yr-reserved,32,64,1.344695
GCP,us-east,1yr-reserved,32,128,1.61907
GCP,us-east,3yr-reserved,1,2,0.102115
GCP,us-east,3yr-reserved,1,4,0.10323
GCP,us-east,3yr-reserved,1,8,0.120045
GCP,us-east,3yr-reserved,1,16,0.15121
GCP,us-east,3yr-reserved,2,2,0.129595
GCP,us-east,3yr-reserved,2,4,0.139135
GCP,us-east,3yr-reserved,2,8,0.14836
GCP,us-east,3yr-reserved,2,16,0.181595
GCP,us-east,3yr-reserved,2,32,0.23166
GCP,us-east,3yr-reserved,4,4,0.195315
GCP,us-east,3yr-reserved,4,8,0.215925
GCP,us-east,3yr-reserved,4,16,0.240525
GCP,us-east,3yr-reserved,4,32,0.29634
GCP,us-east,3yr-reserved,4,64,0.417445
GCP,us-east,3yr-reserved,8,8,0.32727
GCP,us-east,3yr-reserved,8,16,0.365675
GCP,us-east,3yr-reserved,8,32,0.417675
GCP,us-east,3yr-reserved,8,64,0.52657
GCP,us-east,3yr-reserved,8,128,0.776335
GCP,us-east,3yr-reserved,16,16,0.581175
GCP,us-east,3yr-reserved,16,32,0.641455
GCP,us-east,3yr-reserved,16,64,0.77275
GCP,us-east,3yr-reserved,16,128,1.00349
GCP,us-east,3yr-reserved,32,32,1.083115
GCP,us-east,3yr-reserved,32,64,1.25404
GCP,us-east,3yr-reserved,32,128,1.440685
GCP,us-east,on-demand,1,2,0.134335
GCP,us-east,on-demand,1,4,0.14111
GCP,us-east,on-demand,1,8,0.162235
GCP,us-east,on-demand,1,16,0.20182
GCP,us-east,on-demand,2,2,0.171485
GCP,us-east,on-demand,2,4,0.182335
GCP,us-east,on-demand,2,8,0.200015
GCP,us-east,on-demand,2,16,0.239215
GCP,us-east,on-demand,2,32,0.31548
GCP,us-east,on-demand,4,4,0.25798
GCP,us-east,on-demand,4,8,0.27782
GCP,us-east,on-demand,4,16,0.314705
GCP,us-east,on-demand,4,32,0.39549
GCP,us-east,on-demand,4,64,0.5516300000000001
GCP,us-east,on-demand,8,8,0.428495
GCP,us-east,on-demand,8,16,0.47348
GCP,us-east,on-demand,8,32,0.552605
GCP,us-east,on-demand,8,64,0.695425
GCP,us-east,on-demand,8,128,1.021325
GCP,us-east,on-demand,16,16,0.7770400000000001
GCP,us-east,on-demand,16,32,0.862245
GCP,us-east,on-demand,16,64,1.011415
GCP,us-east,on-demand,16,128,1.32725
GCP,us-east,on-demand,32,32,1.488365
GCP,us-east,on-demand,32,64,1.627075
GCP,us-east,on-demand,32,128,1.93208
GCP,us-east,spot,1,2,0.07078
GCP,us-east,spot,1,4,0.070575
GCP,us-east,spot,1,8,0.0859149999999999
GCP,us-east,spot,1,16,0.10499
GCP,us-east,spot,2,2,0.089035
GCP,us-east,spot,2,4,0.0929899999999999
GCP,us-east,spot,2,8,0.105495
GCP,us-east,spot,2,16,0.12238
GCP,us-east,spot,2,32,0.16269
GCP,us-east,spot,4,4,0.13886
GCP,us-east,spot,4,8,0.1418299999999999
GCP,us-east,spot,4,16,0.16457
GCP,us-east,spot,4,32,0.20396
GCP,us-east,spot,4,64,0.27192
GCP,us-east,spot,8,8,0.229795
GCP,us-east,spot,8,16,0.24825
GCP,us-east,spot,8,32,0.2847449999999999
GCP,us-east,spot,8,64,0.359625
GCP,us-east,spot,8,128,0.5412049999999999
GCP,us-east,spot,16,16,0.421015
GCP,us-east,spot,16,32,0.4394999999999999
GCP,us-east,spot,16,64,0.52774
GCP,us-east,spot,16,128,0.70341
GCP,us-east,spot,32,32,0.764865
GCP,us-east,spot,32,64,0.846465
GCP,us-east,spot,32,128,1.01027
GCP,us-west,1yr-reserved,1,2,0.1209649999999999
GCP,us-west,1yr-reserved,1,4,0.123255
GCP,us-west,1yr-reserved,1,8,0.14509
GCP,us-west,1yr-reserved,1,16,0.1785199999999999
GCP,us-west,1yr-reserved,2,2,0.15585
GCP,us-west,1yr-reserved,2,4,0.1636
GCP,us-west,1yr-reserved,2,8,0.180535
GCP,us-west,1yr-reserved,2,16,0.2122799999999999
GCP,us-west,1yr-reserved,2,32,0.279455
GCP,us-west,1yr-reserved,4,4,0.23367
GCP,us-west,1yr-reserved,4,8,0.249235
GCP,us-west,1yr-reserved,4,16,0.282625
GCP,us-west,1yr-reserved,4,32,0.3581249999999999
GCP,us-west,1yr-reserved,4,64,0.49378
GCP,us-west,1yr-reserved,8,8,0.387025
GCP,us-west,1yr-reserved,8,16,0.41581
GCP,us-west,1yr-reserved,8,32,0.495965
GCP,us-west,1yr-reserved,8,64,0.6435649999999999
GCP,us-west,1yr-reserved,8,128,0.923755
GCP,us-west,1yr-reserved,16,16,0.6919649999999999
GCP,us-west,1yr-reserved,16,32,0.778475
GCP,us-west,1yr-reserved,16,64,0.8966100000000001
GCP,us-west,1yr-reserved,16,128,1.176385
GCP,us-west,1yr-reserved,32,32,1.2993
GCP,us-west,1yr-reserved,32,64,1.464465
GCP,us-west,1yr-reserved,32,128,1.7426549999999998
GCP,us-west,3yr-reserved,1,2,0.106805
GCP,us-west,3yr-reserved,1,4,0.114805
GCP,us-west,3yr-reserved,1,8,0.133505
GCP,us-west,3yr-reserved,1,16,0.16537
GCP,us-west,3yr-reserved,2,2,0.13245
GCP,us-west,3yr-reserved,2,4,0.14559
GCP,us-west,3yr-reserved,2,8,0.16455
GCP,us-west,3yr-reserved,2,16,0.189225
GCP,us-west,3yr-reserved,2,32,0.254375
GCP,us-west,3yr-reserved,4,4,0.2090599999999999
GCP,us-west,3yr-reserved,4,8,0.22397
GCP,us-west,3yr-reserved,4,16,0.25364
GCP,us-west,3yr-reserved,4,32,0.319415
GCP,us-west,3yr-reserved,4,64,0.44555
GCP,us-west,3yr-reserved,8,8,0.34325
GCP,us-west,3yr-reserved,8,16,0.3857549999999999
GCP,us-west,3yr-reserved,8,32,0.45069
GCP,us-west,3yr-reserved,8,64,0.56066
GCP,us-west,3yr-reserved,8,128,0.79046
GCP,us-west,3yr-reserved,16,16,0.626275
GCP,us-west,3yr-reserved,16,32,0.67992
GCP,us-west,3yr-reserved,16,64,0.81544
GCP,us-west,3yr-reserved,16,128,1.07806
GCP,us-west,3yr-reserved,32,32,1.13794
GCP,us-west,3yr-reserved,32,64,1.32891
GCP,us-west,3yr-reserved,32,128,1.61734
GCP,us-west,on-demand,1,2,0.143665
GCP,us-west,on-demand,1,4,0.15354
GCP,us-west,on-demand,1,8,0.171855
GCP,us-west,on-demand,1,16,0.2166
GCP,us-west,on-demand,2,2,0.186055
GCP,us-west,on-demand,2,4,0.196485
GCP,us-west,on-demand,2,8,0.216385
GCP,us-west,on-demand,2,16,0.25899
GCP,us-west,on-demand,2,32,0.34218
GCP,us-west,on-demand,4,4,0.28015
GCP,us-west,on-demand,4,8,0.300935
GCP,us-west,on-demand,4,16,0.339625
GCP,us-west,on-demand,4,32,0.424645
GCP,us-west,on-demand,4,64,0.5901449999999999
GCP,us-west,on-demand,8,8,0.469015
GCP,us-west,on-demand,8,16,0.50853
GCP,us-west,on-demand,8,32,0.5896250000000001
GCP,us-west,on-demand,8,64,0.76502
GCP,us-west,on-demand,8,128,1.091175
GCP,us-west,on-demand,16,16,0.83748
GCP,us-west,on-demand,16,32,0.925045
GCP,us-west,on-demand,16,64,1.099505
GCP,us-west,on-demand,16,128,1.423065
GCP,us-west,on-demand,32,32,1.589785
GCP,us-west,on-demand,32,64,1.775515
GCP,us-west,on-demand,32,128,2.08681
GCP,us-west,spot,1,2,0.07239
GCP,us-west,spot,1,4,0.078955
GCP,us-west,spot,1,8,0.092035
GCP,us-west,spot,1,16,0.11247
GCP,us-west,spot,2,2,0.09804
GCP,us-west,spot,2,4,0.10057
GCP,us-west,spot,2,8,0.110245
GCP,us-west,spot,2,16,0.132775
GCP,us-west,spot,2,32,0.173415
GCP,us-west,spot,4,4,0.1477
GCP,us-west,spot,4,8,0.152585
GCP,us-west,spot,4,16,0.17714
GCP,us-west,spot,4,32,0.228595
GCP,us-west,spot,4,64,0.309975
GCP,us-west,spot,8,8,0.239
GCP,us-west,spot,8,16,0.26999
GCP,us-west,spot,8,32,0.317735
GCP,us-west,spot,8,64,0.40018
GCP,us-west,spot,8,128,0.565625
GCP,us-west,spot,16,16,0.434285
GCP,us-west,spot,16,32,0.49154
GCP,us-west,spot,16,64,0.56367
GCP,us-west,spot,16,128,0.758465
GCP,us-west,spot,32,32,0.8120649999999999
GCP,us-west,spot,32,64,0.943535
GCP,us-west,spot,32,128,1.09682
